{
	"$schema": "https://schemas.wp.org/trunk/theme.json",
	"version": 2,
	"title": "Dark",
	"styles": {
        "color": {
            "background": "#1e1e1e"
        }
    },
	"settings": {
		"color": {
			"palette": [
				{
					"color": "#000000",
					"name": "Primary",
					"slug": "primary"
				},
				{
					"color": "#2d2d2d",
					"name": "Secondary",
					"slug": "secondary"
				},
				{
					"color": "#343434",
					"name": "Base",
					"slug": "base"
				},
				{
					"color": "#4f4f4f",
					"name": "Base / Two",
					"slug": "base-2"
				},
				{
					"color": "#ffffff",
					"name": "Contrast",
					"slug": "contrast"
				},
				{
					"color": "#f3f3f3",
					"name": "Contrast / Two",
					"slug": "contrast-2"
				},
				{
					"color": "#A4A4A4",
					"name": "Contrast / Three",
					"slug": "contrast-3"
				},
				{
					"color": "#cfcabe",
					"name": "Accent",
					"slug": "accent"
				},
				{
					"color": "#c2a990",
					"name": "Accent / Two",
					"slug": "accent-2"
				},
				{
					"color": "#d8613c",
					"name": "Accent / Three",
					"slug": "accent-3"
				},
				{
					"color": "#b1c5a4",
					"name": "Accent / Four",
					"slug": "accent-4"
				},
				{
					"color": "#b5bdbc",
					"name": "Accent / Five",
					"slug": "accent-5"
				},
				{
					"color": "#ffffff",
					"name": "Link Color",
					"slug": "link-color"
				},
				{
					"color": "#F5F8FE",
					"name": "Accent / Six",
					"slug": "accent-6"
				},
				{
					"color": "#F8F8F8",
					"name": "Accent / Seven",
					"slug": "accent-7"
				},
				{
					"color": "#515151",
					"name": "Button Hover Color",
					"slug": "button-hover-color"
				}
			]
		}
	}
}
