{
	"$schema": "https://schemas.wp.org/trunk/theme.json",
	"version": 2,
	"title": "Sky",
	"settings": {
		"color": {
			"palette": [
				{
					"color": "#37d2ff",
					"name": "Primary",
					"slug": "primary"
				},
				{
					"color": "#1f5c6e",
					"name": "Secondary",
					"slug": "secondary"
				},
				{
					"color": "#f9f9f9",
					"name": "Base",
					"slug": "base"
				},
				{
					"color": "#ffffff",
					"name": "Base / Two",
					"slug": "base-2"
				},
				{
					"color": "#111111",
					"name": "Contrast",
					"slug": "contrast"
				},
				{
					"color": "#636363",
					"name": "Contrast / Two",
					"slug": "contrast-2"
				},
				{
					"color": "#A4A4A4",
					"name": "Contrast / Three",
					"slug": "contrast-3"
				},
				{
					"color": "#cfcabe",
					"name": "Accent",
					"slug": "accent"
				},
				{
					"color": "#c2a990",
					"name": "Accent / Two",
					"slug": "accent-2"
				},
				{
					"color": "#d8613c",
					"name": "Accent / Three",
					"slug": "accent-3"
				},
				{
					"color": "#b1c5a4",
					"name": "Accent / Four",
					"slug": "accent-4"
				},
				{
					"color": "#b5bdbc",
					"name": "Accent / Five",
					"slug": "accent-5"
				},
				{
					"color": "#fcfcfc",
					"name": "Link Color",
					"slug": "link-color"
				},
				{
					"color": "#F5F8FE",
					"name": "Accent / Six",
					"slug": "accent-6"
				},
				{
					"color": "#F8F8F8",
					"name": "Accent / Seven",
					"slug": "accent-7"
				},
				{
					"color": "#05465a",
					"name": "Button Hover Color",
					"slug": "button-hover-color"
				}
			]
		}
	}
}
